{"user_id":"32","bo_id":"1","bo_name":"Andheri (East)","username":"vinita","emp_name":"Ms. Vinita Jadhav","emp_image":"c_20_1607326141_1.jpg","email_id":"andhericommercial@rdbrothers.com","role":["Admin"],"permissions":"account_create,account_update,account_delete,account_view,activity_create,activity_update,activity_delete,activity_view,Admin Level_create,Admin Level_update,Admin Level_delete,Admin Level_view,agreement_create,agreement_update,agreement_delete,agreement_view,alerts_create,alerts_update,alerts_delete,alerts_view,area_create,area_update,area_delete,area_view,audit_trail_create,audit_trail_update,audit_trail_delete,audit_trail_view,batch_update_create,batch_update_update,batch_update_delete,batch_update_view,Branch Head Level_create,Branch Head Level_update,Branch Head Level_delete,Branch Head Level_view,Branch User Level_create,Branch User Level_update,Branch User Level_delete,Branch User Level_view,branch_office_create,branch_office_update,branch_office_delete,branch_office_view,change_password_create,change_password_update,change_password_delete,change_password_view,city_create,city_update,city_delete,city_view,collections_create,collections_update,collections_delete,collections_view,contacts_broker_create,contacts_broker_update,contacts_broker_delete,contacts_broker_view,contacts_client_create,contacts_client_update,contacts_client_delete,contacts_client_view,contacts_developer_create,contacts_developer_update,contacts_developer_delete,contacts_developer_view,contacts_referral_create,contacts_referral_update,contacts_referral_delete,contacts_referral_view,contacts_target_create,contacts_target_update,contacts_target_delete,contacts_target_view,country_create,country_update,country_delete,country_view,Create_create,Create_update,Create_delete,Create_view,Delete_create,Delete_update,Delete_delete,Delete_view,designation_create,designation_update,designation_delete,designation_view,dropdowns_create,dropdowns_update,dropdowns_delete,dropdowns_view,email_accounts_create,email_accounts_update,email_accounts_delete,email_accounts_view,employee_create,employee_update,employee_delete,employee_view,enquiries_commercial_create,enquiries_commercial_update,enquiries_commercial_delete,enquiries_commercial_view,enquiries_other_create,enquiries_other_update,enquiries_other_delete,enquiries_other_view,enquiries_preleased_create,enquiries_preleased_update,enquiries_preleased_delete,enquiries_preleased_view,enquiries_residential_create,enquiries_residential_update,enquiries_residential_delete,enquiries_residential_view,enquiries_retail_create,enquiries_retail_update,enquiries_retail_delete,enquiries_retail_view,exportconfig_create,exportconfig_update,exportconfig_delete,exportconfig_view,goals_create,goals_update,goals_delete,goals_view,goals_report_create,goals_report_update,goals_report_delete,goals_report_view,group_create,group_update,group_delete,group_view,locality_create,locality_update,locality_delete,locality_view,mails_client_create,mails_client_update,mails_client_delete,mails_client_view,mail_template_create,mail_template_update,mail_template_delete,mail_template_view,mis_enquiries_create,mis_enquiries_update,mis_enquiries_delete,mis_enquiries_view,multiproperty_create,multiproperty_update,multiproperty_delete,multiproperty_view,one_mailer_create,one_mailer_update,one_mailer_delete,one_mailer_view,permission_create,permission_update,permission_delete,permission_view,preleased_create,preleased_update,preleased_delete,preleased_view,


project_create,project_update,project_delete,project_view,


properties_commercial_create,properties_commercial_update,properties_commercial_delete,properties_commercial_view,properties_other_create,properties_other_update,properties_other_delete,properties_other_view,properties_preleased_create,properties_preleased_update,properties_preleased_delete,properties_preleased_view,properties_residential_create,properties_residential_update,properties_residential_delete,properties_residential_view,properties_retail_create,properties_retail_update,properties_retail_delete,properties_retail_view,reports_create,

properties_commercial_view,properties_other_view,properties_preleased_view,properties_residential_view,properties_retail_view

reports_update,reports_delete,reports_view,role_create,role_update,role_delete,role_view,send_broucher_create,send_broucher_update,send_broucher_delete,send_broucher_view,showalerts_create,showalerts_update,showalerts_delete,showalerts_view,sms_template_create,sms_template_update,sms_template_delete,sms_template_view,state_create,state_update,state_delete,state_view,teams_create,teams_update,teams_delete,teams_view,Update_create,Update_update,Update_delete,Update_view,user_create,user_update,user_delete,user_view,User Level_create,User Level_update,User Level_delete,User Level_view,View_create,View_update,View_delete,View_view,"}